{
  "__comment": "Instructions: https://blakesmods.com/docs/cucumber/tags-config",
  "forge:dusts/saltpeter": "null",
  "forge:ingots/platinum": "null",
  "forge:silicon": "ae2:silicon",
  "forge:ingots/mithril": "null",
  "forge:dusts/niter": "thermal:niter_dust",
  "forge:ingots/chrome": "null",
  "forge:rubber": "null",
  "forge:ingots/aluminum": "bno:aluminum_ingot",
  "forge:ingots/iridium": "null",
  "forge:ingots/uranium": "bno:uranium_ingot",
  "forge:ingots/graphite": "null",
  "forge:ingots/tungsten": "null",
  "forge:gems/peridot": "null",
  "forge:ingots/titanium": "null"
}